Level,Time Between Balloons,Time To Orient,Fixation Time, Fixation Loss, Times Played
4,1.419523,2.452474,0.7582505,0.4382763,14
3,0.9640008,2.091352,0.3716223,0.5894012,15
