Level,Time Between Balloons,Time To Orient,Fixation Time, Fixation Loss, Times Played
1,5.688198,0.9111671,1.764244,,5
,3.229055,0.8941193,1.737556,,
,3.272444,0.9107037,1.735674,,

